ABI	NAME
08399	CASSA RURALE E ARTIGIANA DI BRENDOLA CREDITO COOPERATIVO - SOCIETA' COOPERATIVA
03205	BANCA IFIS S.P.A. (OVVERO IFIS BANCA S.P.A. O IN FORMA ABBREVIATA IFIS S.P.A.)
03268	BANCA SELLA - S.P.A.
08688	BANCA DI CREDITO COOPERATIVO DI MARINA DI GINOSA - SOCIETA' COOPERATIVA
03493	CASSA CENTRALE RAIFFEISEN DELL'ALTO ADIGE - RAIFFEISEN-LANDESBANK SUEDTIROL A.G.
08020	CASSA RAIFFEISEN ALTA PUSTERIA SOCIETA' COOPERATIVA (IN LINGUA TEDESCA RAIFFEISENKASSE HOCHPUSTERTAL GENOSSENSCHAFT)
08066	CASSA RAIFFEISEN ALTA VENOSTA SOCIETA' COOPERATIVA (IN LINGUA TEDESCA RAIFFEISENKASSE OBERVINSCHGAU GENOSSENSCHAFT)
08114	CASSA RAIFFEISEN BASSA ATESINA (IN LINGUA TEDESCA RAIFFEISENKASSE UNTERLAND)
08307	CASSA RAIFFEISEN BASSA VALL'ISARCO SOCIETA' COOPERATIVA (IN TEDESCO RAIFFEISENKASSE UNTEREISACKTAL GENOSSENSCHAFT)
08113	CASSA RAIFFEISEN BASSA VALL'ISARCO SOCIETA' COOPERATIVA (IN TEDESCO RAIFFEISENKASSE UNTEREISACKTAL GENOSSENSCHAFT)
08157	CASSA RAIFFEISEN BASSA VENOSTA SOCIETA' COOPERATIVA (IN LINGUA TEDESCA RAIFFEISENKASSE UNTERVINSCHGAU GENOSSENSCHAFT)
08249	CASSA RAIFFEISEN CAMPO DI TRENS SOCIETA' COOPERATIVA (IN LINGUA TEDESCA RAIFFEISENKASSE FREIENFELD GENOSSENSCHAFT)
08056	CASSA RAIFFEISEN CASTELROTTO - ORTISEI SOC. COOPERATIVA - RAIFFEISENKASSE KASTELRUTH - ST. ULRICH GENOSSENSCHAFT
08998	CASSA RAIFFEISEN DELLA VAL PASSIRIA SOCIETA' COOPERATIVA ( IN LINGUA TEDESCA RAIFFEISENKASSE PASSEIER GENOSSENSHAFT)
08035	CASSA RAIFFEISEN DI BRUNICO SOCIETA' COOPERATIVA (IN LINGUA TEDESCA RAIFFEISENKASSE BRUNECK GENOSSENSCHAFT)
08080	CASSA RAIFFEISEN DI DOBBIACO SOCIETA' COOPERATIVA (IN LINGUA TEDESCA RAIFFEISENKASSE TOBLACH GENOSSENSHAFT)
08094	CASSA RAIFFEISEN DI FUNES SOCIETA' COOPERATIVA (IN LINGUA TEDESCA RAIFFEISENKASSE VILLNOESS GENOSSENSCHAFT)
08112	CASSA RAIFFEISEN DI LAGUNDO SOCIETA' COOPERATIVA (IN LINGUA TEDESCA RAIFFEISENKASSE ALGUND GENOSSENSCHAFT)
08117	CASSA RAIFFEISEN DI LASA SOCIETA' COOPERATIVA (IN LINGUA TEDESCA RAIFFEISENKASSE LAAS GENOSSENSCHAFT)
08134	CASSA RAIFFEISEN DI MARLENGO SOCIETA' COOPERATIVA (IN LINGUA TEDESCA RAIFFEISENKASSE MARLING GENOSSENSHAFT)
08148	CASSA RAIFFEISEN DI MONGUELFO-CASIES-TESIDO SOCIETA' COOPERATIVA (RAIFFEISENKASSE WELSBERG-GSIES-TAISTEN GENOSSENSCHAFT)
08162	CASSA RAIFFEISEN DI NOVA PONENTE-ALDINO SOCIETA' COOPERATIVA(IN TEDESCO RAIFFEISENKASSE DEUTSCHNOFEN-ALDEIN GEN.)
08175	CASSA RAIFFEISEN DI PARCINES SOCIETA' COOPERATIVA (IN LINGUA TEDESCA RAIFFEISENKASSE PARTSCHINS GENOSSENSHAFT)
08234	CASSA RAIFFEISEN DI SCENA SOCIETA' COOPERATIVA (IN LINGUA TEDESCA RAIFFEISENKASSE SCHENNA GENOSSENSCHAFT)
08273	CASSA RAIFFEISEN DI TESIMO SOCIETA' COOPERATIVA (IN LINGUA TEDESCA RAIFFEISENKASSE TISENS GENOSSENSCHAFT)
08295	CASSA RAIFFEISEN DI VANDOIES SOCIETA' COOPERATIVA (IN LINGUA TEDESCA RAIFFEISENKASSE VINTL GENOSSENSHAFT)
08302	CASSA RAIFFEISEN DI VILLABASSA SOCIETA' COOPERATIVA (IN LINGUA TEDESCA RAIFFEISENKASSE NIEDERDORF GENOSSENSCHAFT)
08269	CASSA RAIFFEISEN ETSCHTAL SOCIETA' COOPERATIVA (IN LINGUA TEDESCA RAIFFEISENKASSE ETSCHTAL GENOSSENSCHAFT)
08110	CASSA RAIFFEISEN LACES SOCIETA' COOPERATIVA (IN LINGUA TEDESCA RAIFFEISENKASSE LATSCH GENOSSENSCHAFT)
08115	CASSA RAIFFEISEN LANA SOCIETA' COOPERATIVA (IN LINGUA TEDESCA RAIFFEISENKASSE LANA GENOSSENSCHAFT)
08133	CASSA RAIFFEISEN MERANO SOCIETA' COOPERATIVA (IN LINGUA TEDESCA RAIFFEISENKASSE MERAN GENOSSENSCHAFT)
08255	CASSA RAIFFEISEN OLTRADIGE SOCIETA' COOPERATIVA (IN LINGUA TEDESCA RAIFFEISENKASSE UBERETSCH GENOSSENSCHAFT)
08183	CASSA RAIFFEISEN PRATO-TUBRE SOCIETA' COOPERATIVA (IN LINGUA TEDESCA RAIFFEISENKASSE PRAD-TAUFERS GENOSSENSHAFT)
08065	CASSA RAIFFEISEN SCHLERN - ROSENGARTEN SOCIETA' COOPERATIVA (IN TED. RAIFFEISENKASSE SCHLERN-ROSENGARTEN GENOSSENSCHAFT)
08244	CASSA RAIFFEISEN SILANDRO SOCIETA' COOPERATIVA (IN LINGUA TEDESCA RAIFFEISENKASSE SCHLANDERS GENOSSENSCHAFT)
08278	CASSA RAIFFEISEN TIROLO SOCIETA' COOPERATIVA (IN LINGUA TEDESCA RAIFFEISENKASSE TIROL GENOSSENSCHAFT)
08285	CASSA RAIFFEISEN TURES-AURINA SOCIETA' COOPERATIVA (IN LINGUA TEDESCA RAIFFEISENKASSE TAUFERER-AHRNTAL GENOSSENSCHAFT)
08231	CASSA RAIFFEISEN ULTIMO - S. PANCRAZIO - LAUREGNO SOCIETA' COOPERATIVA (RAIFFEISENKASSE ULTEN-ST.PANKRAZ-LAUREIN GEN.)
08010	CASSA RAIFFEISEN VAL BADIA SOCIETA' COOPERATIVA - GENOSSENSCHAFT
08238	CASSA RAIFFEISEN VAL GARDENA SOCIETA' COOPERATIVA (RAIFFEISENKASSE GRODEN GENOSSENSCHAFT - CASSA RAIFFEISEN GHERDEINA)
08233	CASSA RAIFFEISEN VAL SARENTINO SOCIETA' COOPERATIVA (IN LINGUA TEDESCA RAIFFEISENKASSE SARNTAL GENOSSENSCHAFT)
08182	CASSA RAIFFEISEN WIPPTAL SOCIETA' COOPERATIVA (IN LINGUA TEDESCA RAIFFEISENKASSE WIPPTAL GENOSSENSCHAFT)
08081	CASSA RURALE DI BOLZANO SOCIETA' COOPERATIVA (IN LINGUA TEDESCA RAIFFEISENKASSE BOZEN GENOSSENSCHAFT)
08220	CASSA RURALE DI SALORNO SOCIETA' COOPERATIVA (IN LINGUA TEDESCA RAIFFEISENKASSE SALURN GENOSSENSCHAFT)
06045	CASSA DI RISPARMIO DI BOLZANO S.P.A. - SUDTIROLER SPARKASSE AG
03069	INTESA SANPAOLO S.P.A.
03017	INVEST BANCA SOCIETA' PER AZIONI
32698	CARTALIS ISTITUTO DI MONETA ELETTRONICA SPA
32875	NEXI PAYMENTS S.P.A.
03211	BANCA PATRIMONI SELLA & C. S.P.A. (IN SIGLA B.P.A. S.P.A.)
07601	POSTE ITALIANE S.P.A.
36081	POSTEPAY S.P.A.
SAPAY	SATISPAY
32532	SISALPAY S.P.A.
08553	BANCA DI CREDITO COOPERATIVO DI FLUMERI - SOCIETA' COOPERATIVA
08140	CASSA RURALE DOLOMITI DI FASSA PRIMIERO E BELLUNO - BANCA DICREDITO COOPERATIVO - SOCIETÃ€ COOPERATIVA
08386	CASSA RURALE ED ARTIGIANA DI BINASCO - CREDITO COOPERATIVO SOCIETA' COOPERATIVA
08393	CASSA RURALE ED ARTIGIANA DI BORGO SAN GIACOMO (BRESCIA) - CREDITO COOPERATIVO - SOCIETA' COOPERATIVA
08342	BANCA DI CREDITO COOPERATIVO DI AQUARA SOCIETA' COOPERATIVA
05116	BANCA VALSABBINA SOCIETA' COOPERATIVA PER AZIONI (IN BREVE LA VALSABBINA)
08979	BANCA DI CREDITO COOPERATIVO SAN MICHELE DI CALTANISSETTA E PIETRAPERZIA - SOCIETA' COOPERATIVA PER AZIONI
08024	CASSA RURALE ADAMELLO BANCA DI CREDITO COOPERATIVO - SOCIETA' COOPERATIVA
08869	BANCA DI CREDITO COOPERATIVO BERGAMO E VALLI - SOCIETA' COOPERATIVA
08469	CASSA RURALE ED ARTIGIANA DI CASTELLANA GROTTE CREDITO COOPERATIVO - SOCIETA' COOPERATIVA
08622	CREDITO COOPERATIVO - CASSA RURALE ED ARTIGIANA DEL FRIULI VENEZIA GIULIA (ABBREVIATO CASSA RURALE FVG) - SOCIETA' COOPERATIVA
08852	ROMAGNABANCA CREDITO COOPERATIVO ROMAGNA EST E SALA DI CESENATICO S.C.
05856	BANCA POPOLARE DELL'ALTO ADIGE SOCIETA' PER AZIONI (IN TEDESCO SUDTIROLER VOLKSBANK A.G.)
08590	CENTROVENETO BASSANO BANCA - CREDITO COOPERATIVO - SOCIETA' COOPERATIVA
08011	CASSA RURALE VALLAGARINA - BANCA DI CREDITO COOPERATIVO - SOCIETA' COOPERATIVA
08784	BANCA MONTE PRUNO - CREDITO COOPERATIVO DI FISCIANO, ROSCIGNO E LAURINO- SOCIETA' COOPERATIVA
08607	BANCA DI CREDITO COOPERATIVO DI LOCOROTONDO CASSA RURALE E ARTIGIANA - SOCIETA' COOPERATIVA
07056	BANCA DELL'ALTA MURGIA CREDITO COOPERATIVO - SOCIETA' COOPERATIVA
07090	BANCA MALATESTIANA - CREDITO COOPERATIVO - SOCIETA' COOPERATIVA
05372	BANCA POPOLARE DEL CASSINATE SOCIETA' COOPERATIVA PER AZIONI
08997	BANCA DI CREDITO COOPERATIVO DI SAN MARCO DEI CAVOTI E DEL SANNIO-CALVI - SOCIETA' COOPERATIVA
36024	CITYPOSTE PAYMENT SPA - CPP SPA
03139	BANCA PER LO SVILUPPO DELLA COOPERAZIONE DI CREDITO S.P.A. E, IN FORMA ABBREVIATA 'BANCA SVILUPPO S.P.A.'
08325	BANCO FIORENTINO - MUGELLO IMPRUNETA SIGNA - CREDITO COOPERATIVO - SOCIETA' COOPERATIVA
08445	BANCA DI CREDITO COOPERATIVO DI TERRA D'OTRANTO - SOCIETA' COOPERATIVA
08362	BANCA DI CREDITO COOPERATIVO DI ARBOREA - SOCIETA' COOPERATIVA
08102	CASSA RURALE VALSUGANA E TESINO - BANCA DI CREDITO COOPERATIVO - SOCIETA' COOPERATIVA
08078	CASSA RURALE GIUDICARIE VALSABBIA PAGANELLA - BANCA DI CREDITO COOPERATIVO - SOCIETA' COOPERATIVA
08282	CASSA RURALE VAL DI NON - BANCA DI CREDITO COOPERATIVO - SOCIETA' COOPERATIVA
05296	BANCA POPOLARE DI FONDI - SOCIETA' COOPERATIVA
08450	BANCA ALPI MARITTIME CREDITO COOPERATIVO CARRU' - SOCIETA' COOPERATIVA PER AZIONI
08425	BANCA CAMBIANO 01884 S.P.A.
08163	CASSA RURALE VAL DI SOLE - BANCA DI CREDITO COOPERATIVO - SOCIETA' COOPERATIVA
08126	BANCA DI CREDITO COOPERATIVO DI MONTEPAONE SOCIETA' COOPERATIVA
08732	BANCA DI CREDITO COOPERATIVO VICENTINO - POJANA MAGGIORE (VICENZA) - SOCIETA' COOPERATIVA
08184	CASSA RURALE VAL DI FIEMME - BANCA DI CREDITO COOPERATIVO - SOCIETA' COOPERATIVA
08340	CASSA PADANA BANCA DI CREDITO COOPERATIVO SOCIETA' COOPERATIVA
08717	CREDITO COOPERATIVO CASSA RURALE ED ARTIGIANA DI PALIANO SOCIETA' COOPERATIVA
08178	CASSA RURALE ALTA VALSUGANA - BANCA DI CREDITO COOPERATIVO - SOCIETA' COOPERATIVA
08794	BANCA DI CREDITO COOPERATIVO LAUDENSE - LODI SOCIETA' COOPERATIVA
08549	BANCA DI FILOTTRANO - CREDITO COOPERATIVO DI FILOTTRANO E CAMERANO - SOCIETA' COOPERATIVA
08374	BANCA DI CREDITO COOPERATIVO DI BARLASSINA (MILANO) - SOCIETA' COOPERATIVA
08473	BANCA DI CREDITO COOPERATIVO DI CASTIGLIONE MESSER RAIMONDO E PIANELLA - SOCIETA' COOPERATIVA A RESPONSABILITA' LIMITATA
08457	CREDITO COOPERATIVO VALDARNO FIORENTINO BANCA DI CASCIA - SOCIETA' COOPERATIVA
08537	CREDITO COOPERATIVO CASSA RURALE ED ARTIGIANA DI ERCHIE - SOCIETA' COOPERATIVA
03235	BANCA DI SCONTO E CONTI CORRENTI DI SANTA MARIA CAPUA VETERE- S.P.A.
08679	BANCA DI CREDITO COOPERATIVO DI MOZZANICA - SOCIETA' COOPERATIVA
05080	BANCA DI IMOLA S.P.A.
03263	IBL ISTITUTO BANCARIO DEL LAVORO S.P.A. (IN FORMA ABBREVIATA IBL BANCA)
08601	BANCA DI CREDITO COOPERATIVO VALLE DEL TORTO - SOCIETA' COOPERATIVA
08514	BANCA DI CREDITO COOPERATIVO DELL'OGLIO E DEL SERIO - SOCIETA' COOPERATIVA
03365	BANCO DELLE TRE VENEZIE S.P.A. (CON ACRONIMO B.T.V. SPA)
08743	BANCA DI CREDITO COOPERATIVO DEL VELINO - COMUNE DI POSTA PROVINCIA DI RIETI - SOCIETA' COOPERATIVA
08431	BANCA DI CREDITO COOPERATIVO DI CAPACCIO PAESTUM E SERINO- SOCIETA' COOPERATIVA
08851	TERRE ETRUSCHE E DI MAREMMA C.C. - SOCIETA' COOPERATIVA
06270	LA CASSA DI RAVENNA S.P.A.
08618	BANCA DI CREDITO COOPERATIVO DI LEZZENO (COMO) - SOCIETA' COOPERATIVA A RESPONSABILITA' LIMITATA
08704	BANCA DI CREDITO COOPERATIVO DI OSTRA E MORRO D'ALBA - SOCIETA' COOPERATIVA
08817	BANCA DI CREDITO COOPERATIVO DI SAN MARZANO DI SAN GIUSEPPE - TARANTO - SOCIETA' COOPERATIVA
03265	BANCA PROMOS S.P.A.
08833	BANCA DI CREDITO COOPERATIVO DI CASALGRASSO E SANT'ALBANO STURA - SOCIETA' COOPERATIVA
08631	BANCATER CREDITO COOPERATIVO FVG - SOCIETA' COOPERATIVA
08968	BANCA DI CREDITO COOPERATIVO SANGRO TEATINA DI ATESSA
08982	BANCA ADRIA COLLI EUGANEI - CREDITO COOPERATIVO SOCIETA' COOPERATIVA
03032	CREDITO EMILIANO S.P.A.
08810	BANCA DI CREDITO COOPERATIVO DI SAN GIOVANNI ROTONDO - SOCIETA' COOPERATIVA
05772	BANCA POPOLARE SANT'ANGELO, SOCIETA' COOPERATIVA PER AZIONI
08139	CASSA RURALE ROTALIANA E GIOVO - BANCA DI CREDITO COOPERATIVO - SOCIETA' COOPERATIVA
07116	BANCA DEL GRAN SASSO D'ITALIA, BANCA DI CREDITO COOPERATIVO SOCIETÃ€ COOPERATIVA PER AZIONI
03440	BANCO DI DESIO E DELLA BRIANZA - SOCIETA' PER AZIONI
08345	BANCA DI ANGHIARI E STIA - CREDITO COOPERATIVO - SOCIETA' COOPERATIVA
07092	BANCA DI CREDITO COOPERATIVO DEI CASTELLI ROMANI E DEL TUSCOLO - SOCIETA' COOPERATIVA
03047	BANCA CAPASSO ANTONIO - S.P.A.
06305	BANCA CASSA DI RISPARMIO DI SAVIGLIANO S.P.A.
03087	BANCA FINNAT EURAMERICA S.P.A. (IN FORMA ABBREVIATA BANCA FINNAT S.P.A. OVVERO BANCA EURAMERICA S.P.A.)
08481	CEREABANCA 01897 CREDITO COOPERATIVO SOCIETA' COOPERATIVA
36042	ICONTO S.R.L.
08946	BANCA DON RIZZO - CREDITO COOPERATIVO DELLA SICILIA OCCIDENTALE - SOCIETA' COOPERATIVA
07091	BANCA DEL CATANZARESE - CREDITO COOPERATIVO - SOCIETA' COOPERATIVA
08597	BCC BASILICATA - CREDITO COOPERATIVO DI LAURENZANA E COMUNI LUCANI - SOCIETA' COOPERATIVA
03138	BANCA REALE S.P.A.
08899	CASSA RURALE - BANCA DI CREDITO COOPERATIVO DI TREVIGLIO - SOCIETA' COOPERATIVA
08397	CASSA RURALE ED ARTIGIANA DI BOVES - BANCA DI CREDITO COOPERATIVO (BOVES-CUNEO) - SOCIETA' COOPERATIVA
08226	CASSA RAIFFEISEN DI SAN MARTINO IN PASSIRIA SOCIETA' COOPERATIVA (RAIFFEISENKASSE ST. MARTIN IN PASSEIER GENOSSENSCHAFT)
07101	BANCA DI ANDRIA DI CREDITO COOPERATIVO - SOCIETA' COOPERATIVA PER AZIONI A RESPONSABILITA' LIMITATA
08315	VALPOLICELLA BENACO BANCA CREDITO COOPERATIVO (VERONA) SOCIETA' COOPERATIVA
08883	BANCA DI BOLOGNA CREDITO COOPERATIVO SOCIETA' COOPERATIVA
08365	BANCA DI CREDITO COOPERATIVO DELL'ALTO TIRRENO DELLA CALABRIA VERBICARO (PROVINCIA DI COSENZA) - SOCIETA' COOPERATIVA
05387	BPER BANCA S.P.A.
07094	BANCA DI CREDITO COOPERATIVO DI MASSAFRA - SOCIETA' COOPERATIVA
08637	PRIMACASSA - CREDITO COOPERATIVO FVG - SOCIETA' COOPERATIVA
08826	BANCA DI PESARO CREDITO COOPERATIVO - SOCIETA' COOPERATIVA
03599	CASSA CENTRALE BANCA - CREDITO COOPERATIVO ITALIANOSOCIETA' PER AZIONI (IN SIGLA CASSA CENTRALE BANCA)
08461	BANCA DI CREDITO COOPERATIVO DI CASTAGNETO CARDUCCI SOCIETA'COOPERATIVA PER AZIONI
08456	BANCA DEI SIBILLINI-CREDITO COOPERATIVO DI CASAVECCHIA-SOCIETA' COOPERATIVA
05232	BANCA POPOLARE DI LAJATICO SOCIETA' COOPERATIVA PER AZIONI
08765	BANCA DI CREDITO COOPERATIVO DI RECANATI E COLMURANO - SOCIETA' COOPERATIVA
08562	BANCA DI PISA E FORNACETTE CREDITO COOPERATIVO - SOCIETA' COOPERATIVA PER AZIONI
08358	BANCA DI PESCIA E CASCINA - CREDITO COOPERATIVO - SOCIETA' COOPERATIVA
08713	BANCA DI CREDITO COOPERATIVO DI PACHINO - SOCIETA' COOPERATIVA
08016	CASSA RURALE ALTO GARDA - BANCA DI CREDITO COOPERATIVO - SOCIETA' COOPERATIVA
08200	CASSA RURALE NOVELLA E ALTA ANAUNIA - BANCA DI CREDITO COOPERATIVO - SOCIETA' COOPERATIVA
19164	FACTORCOOP SPA
03267	BANCA GALILEO S.P.A.
08595	LA BCC DEL CROTONESE - CREDITO COOPERATIVO SOCIETA' COOPERATIVA
03425	BANCO DI CREDITO P.AZZOAGLIO - S.P.A.
07085	CREDITO COOPERATIVO FRIULI (ABBREVIATO CREDIFRIULI) - SOCIETA' COOPERATIVA
08503	BANCA DI CREDITO COOPERATIVO DI CONVERSANO - SOCIETA' COOPERATIVA
03242	BANCO DI LUCCA E DEL TIRRENO S.P.A. (IN FORMA ABBREVIATA BANCO DI LUCCA S.P.A.)
03332	BANCA PASSADORE & C. S.P.A.
07110	BANCA DI CREDITO COOPERATIVO DI NAPOLI SOCIETA' COOPERATIVA PER AZIONI (IN SIGLA B.C.C. DI NAPOLI)
05216	BANCA PICCOLO CREDITO VALTELLINESE, SOCIETA' PER AZIONI
08509	BANCA CENTRO EMILIA - CREDITO COOPERATIVO' SOCIETA' COOPERATIVA
05023	BANCA REGIONALE DI SVILUPPO S.P.A. IN FORMA ABBREVIATA 'BRS S.P.A.'
08676	B.C.C. DEL GARDA - BANCA DI CREDITO COOPERATIVO COLLI MORENICI DEL GARDA - SOCIETA' COOPERATIVA
08572	BANCA DI CREDITO COOPERATIVO DI GAMBATESA - SOCIETA' COOPERATIVA
03015	FINECOBANK BANCA FINECO S.P.A. (IN BREVE FINECOBANK S.P.A. OVVERO BANCA FINECO S.P.A. OVVERO FINECO BANCA S.P.A.)
08472	BCC FELSINEA - BANCA DI CREDITO COOPERATIVO DAL01902 - SOCIETA' COOPERATIVA
08904	BANCA PREALPI SANBIAGIO CREDITO COOPERATIVO - SOCIETA' COOPERATIVA
08492	BANCA DI CREDITO COOPERATIVO DI CITTANOVA - SOCIETA' COOPERATIVA
08086	BANCA DI ANCONA E FALCONARA MARITTIMA CREDITO COOPERATIVO - SOCIETA' COOPERATIVA
08969	BANCA SAN FRANCESCO CREDITO COOPERATIVO - SOCIETA' COOPERATIVA
36017	PAYTIPPER SPA
08692	BANCA DI CREDITO COOPERATIVO DI BRESCIA - SOCIETA' COOPERATIVA (ABBR. CREDITO COOPERATIVO DI BRESCIA - SOCIETA' COOP.)
08931	BANCA LAZIO NORD CREDITO COOPERATIVO - SOCIETA' COOPERATIVA PER AZIONI
08304	CASSA DI TRENTO, LAVIS, MEZZOCORONA E VALLE DI CEMBRA - BANCA DI CREDITO COOPERATIVO - SOCIETA' COOPERATIVA
08669	BANCA ALTO VICENTINO - CREDITO COOPERATIVO DI SCHIO, PEDEMONTE E ROANA - SOCIETA' COOPERATIVA
03062	BANCA MEDIOLANUM S.P.A.
08329	BANCA DI CREDITO COOPERATIVO BRIANZA E LAGHI - SOCIETA' COOPERATIVA
08850	BANCA DI CREDITO COOPERATIVO DI SARSINA - SOCIETA' COOPERATIVA
07066	BANCA DI CREDITO COOPERATIVO DI BUCCINO E DEI COMUNI CILENTANI - SOCIETA' COOPERATIVA
07076	BANCA CREMASCA E MANTOVANA - CREDITO COOPERATIVO - SOCIETA' COOPERATIVA
08026	CASSA RURALE DI LEDRO - BANCA DI CREDITO COOPERATIVO - SOCIETA' COOPERATIVA
03426	BANCA DI CREDITO PELORITANO S.P.A.
36018	CABEL IP S.P.A.
08587	BANCA DI CREDITO COOPERATIVO VALDOSTANA - COOPERATIVE DE CREDIT VALDOTAINE - SOCIETA' COOPERATIVA
08338	BANCA DI CREDITO COOPERATIVO DI ALBEROBELLO E SAMMICHELE DI BARI - SOCIETA' COOPERATIVA
08716	BANCA CENTRO LAZIO CREDITO COOPERATIVO - SOCIETA' COOPERATIVA
08954	BANCA DI CREDITO COOPERATIVO LA RISCOSSA DI REGALBUTO - SOCIETA' COOPERATIVA
05652	SANFELICE 01893 BANCA POPOLARE SOCIETA' COOPERATIVA PER AZIONI
08441	CREDITO COOPERATIVO DI CARAVAGGIO ADDA E CREMASCO - CASSA RURALE - SOCIETA' COOPERATIVA
07084	BANCA DELLA MARCA CREDITO COOPERATIVO - SOCIETA' COOPERATIVA
08844	BANCA DI CREDITO COOPERATIVO DI SANTERAMO IN COLLE - SOCIETA' COOPERATIVA
07048	BANCA DELL'ELBA CREDITO COOPERATIVO - SOCIETA' COOPERATIVA
08187	CASSA RURALE RENON SOCIETA' COOPERATIVA (IN LINGUA TEDESCA RAIFFEISENKASSE RITTEN GENOSSENSCHAFT)
08951	BANCA DI CREDITO COOPERATIVO DEI COLLI ALBANI - SOCIETA' COOPERATIVA
03403	IMPREBANCA S.P.A.
05696	BANCA POPOLARE DI SONDRIO, SOCIETA' COOPERATIVA PER AZIONI
08958	BANCA DI CREDITO COOPERATIVO MUTUO SOCCORSO DI GANGI - SOCIETA' COOPERATIVA
03430	CREDITO LOMBARDO VENETO S.P.A.
08344	BANCA DI CREDITO COOPERATIVO DI ANAGNI SOCIETA' COOPERATIVA (IN BREVE BANCANAGNI CREDITO COOPERATIVO)
08003	VIVAL BANCA - BANCA DI CREDITO COOPERATIVO DI MONTECATINI TERME, BIENTINA E S. PIETRO IN VINCIO S.C.
08700	BANCA DI CREDITO COOPERATIVO DEL METAURO - SOCIETA' COOPERATIVA
07108	BANCA DI CREDITO COOPERATIVO AGRIGENTINO - SOCIETA' COOPERATIVA
07080	CREDITO ETNEO - BANCA DI CREDITO COOPERATIVO, SOCIETA' COOPERATIVA A RESPONSABILITA' LIMITATA
08487	BANCA DI CREDITO COOPERATIVO DI CHERASCO - SOCIETA' COOPERATIVA
06085	CASSA DI RISPARMIO DI ASTI S.P.A. (IN FORMA ABBREVIATA BANCA C.R. ASTI S.P.A.)
06090	CASSA DI RISPARMIO DI BIELLA E VERCELLI - BIVERBANCA SPA
08910	CASSA RURALE ED ARTIGIANA DI VESTENANOVA - CREDITO COOPERATIVO - SOCIETA' COOPERATIVA
03374	ALTO ADIGE BANCA S.P.A.
08887	CREDITO COOPERATIVO DI SAN CALOGERO E MAIERATO - BCC DEL VIBONESE SOCIETA' COOPERATIVA
05018	BANCA POPOLARE ETICA - SOCIETA' COOPERATIVA PER AZIONI (IN FORMA ABBREVIATA BANCA ETICA O BPE)
08452	BANCA DI CREDITO COOPERATIVO DI VENEZIA, PADOVA E ROVIGO - BANCA ANNIA SOCIETA' COOPERATIVA
03388	BANCA STABIESE - S.P.A.
08434	BANCA DI CREDITO COOPERATIVO ABRUZZESE - CAPPELLE SUL TAVO SOCIETA' COOPERATIVA
06150	CASSA DI RISPARMIO DI FERMO S.P.A. (IN FORMA ABBREVIATA CARIFERMO S.P.A.)
03043	BANCA INTERMOBILIARE DI INVESTIMENTI E GESTIONI SOCIETA' PER AZIONI
08354	BANCA DI CREDITO COOPERATIVO DI AVETRANA - SOCIETA' COOPERATIVA
05030	VIVIBANCA S.P.A.
08606	BANCA DI CREDITO COOPERATIVO DI CANOSA - LOCONIA - SOCIETA' COOPERATIVA
05000	BANCA FARMAFACTORING SPA
08769	BANCA DI RIPATRANSONE E DEL FERMANO - CREDITO COOPERATIVO - SOCIETA' COOPERATIVA
05262	BANCA POPOLARE PUGLIESE - SOCIETA' COOPERATIVA PER AZIONI
08728	BANCA PATAVINA CREDITO COOPERATVO DI SANT'ELENA E PIOVE DI SACCO, SOCIETA' COOPERATIVA
03185	BANCA IFIGEST - S.P.A.
06370	CASSA DI RISPARMIO DI VOLTERRA S.P.A.
36033	MONEYNET SPA
08952	BANCA DI CREDITO COOPERATIVO 'G. TONIOLO' DI SAN CATALDO (CALTANISSETTA) SOCIETA' COOPERATIVA
36063	SE.PA.FIN. SPA
03488	CASSA LOMBARDA - S.P.A.
05142	BANCA DI CREDITO POPOLARE', SOCIETA' COOPERATIVA PER AZIONI
08341	BANCA DI CREDITO COOPERATIVO DI ALTOFONTE E CACCAMO - SOCIETA' COOPERATIVA
07075	BANCA CENTRO-CREDITO COOPERATIVO TOSCANA-UMBRIA SOC.COOPERATIVA
08305	CASSA RURALE ALTA VALLAGARINA E LIZZANA - BANCA DI CREDITO COOPERATIVO - SOCIETA' COOPERATIVA
08439	BANCA DI CARAGLIO, DEL CUNEESE E DELLA RIVIERA DEI FIORI - CREDITO COOPERATIVO - SOCIETA' COOPERATIVA
08988	BANCA DI CREDITO COOPERATIVO DEGLI ULIVI - TERRA DI BARI - SOCIETA' COOPERATIVA
06170	CASSA DI RISPARMIO DI FOSSANO S.P.A.
08753	BANCA DI CREDITO COOPERATIVO DI PIANFEI E ROCCA DE' BALDI - SOCIETA' COOPERATIVA
08554	BANCA DI CREDITO COOPERATIVO DI GAUDIANO DI LAVELLO - SOCIETA' COOPERATIVA
06175	BANCA CARIGE S.P.A. - CASSA DI RISPARMIO DI GENOVA E IMPERIA (IN FORMA ABBREVIATA CARIGE S.P.A.)
08154	BANCA 02021 CREDITO COOPERATIVO DEL CILENTO, VALLO DI DIANO E DELLA LUCANIA - SOCIETA' COOPERATIVA
08705	BANCA DI CREDITO COOPERATIVO DI OSTRA VETERE SOCIETA' COOPERATIVA
03395	ILLIMITY BANK S.P.A.
08940	BANCA DI CREDITO COOPERATIVO BERGAMASCA E OROBICA - SOCIETA' COOPERATIVA
03083	IW BANK S.P.A.
07087	BANCA DI TARANTO - BANCA DI CREDITO COOPERATIVO - SOCIETA' COOPERATIVA
07113	BANCA DI CREDITO COOPERATIVO DI PUTIGNANO - SOCIETA' COOPERATIVA PER AZIONI
03124	BANCA DEL FUCINO - S.P.A.
08356	BANCA DI CREDITO COOPERATIVO PORDENONESE E MONSILE - SOCIETA' COOPERATIVA
08603	BANCA DI CREDITO COOPERATIVO DI LEVERANO - SOCIETA' COOPERATIVA
07017	BANCA DI CREDITO COOPERATIVO DEL CIRCEO E PRIVERNATE - SOCIETA' COOPERATIVA
08453	BANCA DI CREDITO COOPERATIVO DI MILANO - SOCIETA' COOPERATIVA
08258	CREDITO COOPERATIVO CENTRO CALABRIA - SOCIETA' COOPERATIVA
05297	BANCA POPOLARE DEL FRUSINATE SOCIETA' COOPERATIVA PER AZIONI
05484	BANCA DI CIVIDALE SOCIETA' COOPERATIVA PER AZIONI O IN FORMA ABBREVIATA CIVIBANK
08995	RIVIERABANCA - CREDITO COOPERATIVO DI RIMINI E GRADARA - SOCIETA' COOPERATIVA
06220	CASSA DI RISPARMIO DI ORVIETO S.P.A.
08928	CREDITO COOPERATIVO DI TRIESTE E GORIZIA
08901	BANCA DI CREDITO COOPERATIVO DI TRIUGGIO E DELLA VALLE DEL LAMBRO - SOCIETA' COOPERATIVA
08324	BANCA CENTROPADANA CREDITO COOPERATIVO - SOCIETA' COOPERATIVA
07070	CREDITO COOP.VO ROMAGNOLO - BCC DI CESENA E GATTEO - S.C.
05792	BANCA POPOLARE VALCONCA - SOCIETA' PER AZIONI
07062	CREDITO COOPERATIVO MEDIOCRATI - SOCIETA' COOPERATIVA
08381	BANCA DI CREDITO COOPERATIVO DI BELLEGRA SOCIETA' COOPERATIVA
08575	BANCA DI CREDITO COOPERATIVO AGROBRESCIANO - SOCIETA' COOPERATIVA
03048	BANCA DEL PIEMONTE S.P.A.
05424	BANCA POPOLARE DI BARI - SOCIETA' COOPERATIVA PER AZIONI IN A.S.
08985	BANCA SICANA - CREDITO COOPERATIVO DI SOMMATINO, SERRADIFALCO E SAMBUCA DI SICILIA - SOCIETA' COOPERATIVA
08715	BANCA DI UDINE CREDITO COOPERATIVO - SOCIETA' COOPERATIVA
08871	BANCA DI CREDITO COOPERATIVO DI SPELLO E BETTONA - SOCIETA' COOPERATIVA
08807	BANCA SAN GIORGIO QUINTO VALLE AGNO - CREDITO COOPERATIVO - SOC. COOP.
05038	BANCA POPOLARE DEL MEDITERRANEO SOCIETA' COOPERATIVA PER AZIONI
08437	BANCA DI CREDITO COOPERATIVO DEL BASSO SEBINO - SOCIETA' COOPERATIVA
08736	BANCA DI CREDITO COOPERATIVO DI PONTASSIEVE - SOCIETA' COOPERATIVA
08922	BANCA ALTA TOSCANA CREDITO COOPERATIVO - SOCIETA' COOPERATIVA
08735	BANCA DEL TERRITORIO LOMBARDO CREDITO COOPERATIVO - SOCIETA' COOPERATIVA
08787	BANCA DI CREDITO COOPERATIVO DELLA PROVINCIA ROMANA SOCIETA' COOPERATIVA
08454	CREDITO PADANO BANCA DI CREDITO COOPERATIVO - SOCIETA' COOPERATIVA
06115	CASSA DI RISPARMIO DI CENTO S.P.A.
08460	BANCA DI CREDITO COOPERATIVO DI CASSANO DELLE MURGE E TOLVE - SOCIETA' COOPERATIVA
08805	FRIULOVEST BANCA - CREDITO COOPERATIVO - SOCIETA' COOPERATIVA
08462	BANCA DI CREDITO COOPERATIVO DELLA ROMAGNA OCCIDENTALE - SOCIETA' COOPERATIVA
03159	BANCA CONSULIA S.P.A.
08416	BANCA DI VERONA CREDITO COOPERATIVO CADIDAVID SOCIETA' COOPERATIVA PER AZIONI
36064	A-TONO PAYMENT INSTITUTE SPA
03075	BANCA GENERALI - SOCIETA' PER AZIONI (IN FORMA ABBREVIATA GENERBANCA)
02008	UNICREDIT, SOCIETA' PER AZIONI
08706	BANCA DI CREDITO COOPERATIVO DI OSTUNI - SOCIETA' COOPERATIVA
08327	BANCA DI CREDITO COOPERATIVO DI ROMA SOCIETA' COOPERATIVA
08511	CORTINABANCA - CREDITO COOPERATIVO - SOCIETÃ€ COOPERATIVA
05824	CASSA DI SOVVENZIONI E RISPARMIO FRA IL PERSONALE DELLA BANCA D'ITALIA - SOCIETA' COOPERATIVA PER AZIONI
08430	CASSA RURALE ED ARTIGIANA DI CANTU' BANCA DI CREDITO COOPERATIVO - SOCIETA' COOPERATIVA
08770	CASSA RURALE ED ARTIGIANA DI RIVAROLO MANTOVANO (MANTOVA) CREDITO COOPERATIVO - SOCIETA' COOPERATIVA
08976	BANCA DI CREDITO COOPERATIVO 'S. GIUSEPPE' DELLE MADONIE - SOCIETA' COOPERATIVA
08491	BANCO MARCHIGIANO CREDITO COOPERATIVO
08877	BANCA DI CREDITO COOPERATIVO DI STARANZANO E VILLESSE - SOCIETA' COOPERATIVA
08382	BENE BANCA CREDITO COOPERATIVO DI BENE VAGIENNA (CUNEO) - SOCIETA' COOPERATIVA
08322	BANCA VERONESE CREDITO COOPERATIVO DI CONCAMARISE SOCIETA' COOPERATIVA
08378	BCC CAMPANIA CENTRO - CASSA RURALE ED ARTIGIANA - SOCIETA' COOPERATIVA
08855	BANCA DI CREDITO COOPERATIVO DI SCAFATI E CETARA SOCIETA' COOPERATIVA
08903	BANCA DI CREDITO COOPERATIVO DI TURRIACO - SOCIETA' COOPERATIVA
08404	BANCA DI CREDITO COOPERATIVO DI BUSTO GAROLFO E BUGUGGIATE -SOCIETA' COOPERATIVA
07078	BANCA DI CREDITO COOPERATIVO DEI CASTELLI E DEGLI IBLEI SOCIETA' COOPERATIVA
03084	BANCA CESARE PONTI S.P.A.
06915	BANCA DEL MONTE DI LUCCA S.P.A.
01015	BANCO DI SARDEGNA S.P.A.
08030	BANCA DI CREDITO COOPERATIVO DI BORGHETTO LODIGIANO - SOCIETA' COOPERATIVA
05336	CREDIT AGRICOLE FRIULADRIA S.P.A.
08542	CREDITO COOPERATIVO RAVENNATE, FORLIVESE E IMOLESE SOCIETA' COOPERATIVA
08673	CHIANTIBANCA - CREDITO COOPERATIVO S.C.
08210	CASSA RURALE DI ROVERETO - BANCA DI CREDITO COOPERATIVO - SOCIETA' COOPERATIVA
08749	CENTROMARCA BANCA - CREDITO COOPERATIVO DI TREVISO E VENEZIA, SOCIETA' COOPERATIVA PER AZIONI
07072	EMIL BANCA - CREDITO COOPERATIVO - SOCIETA' COOPERATIVA
03317	BANCA MACERATA S.P.A. (IN FORMA ABBREVIATA BPRM S.P.A.)
05029	IGEA BANCA S.P.A.
08747	BANCA DI CREDITO COOPERATIVO DI PRATOLA PELIGNA (L'AQUILA) -SOCIETA' COOPERATIVA
05496	BANCA POPOLARE DI CORTONA - SOCIETA' COOPERATIVA PER AZIONI
03353	BANCA DEL SUD S.P.A.
08731	BANCA DI CREDITO COOPERATIVO DI PERGOLA E CORINALDO SOCIETA' COOPERATIVA
03475	ING BANK N.V.
08738	CASSA RURALE ED ARTIGIANA DELL'AGRO PONTINO - BANCA DI CREDITO COOPERATIVO - SOCIETA' COOPERATIVA
08515	BANCA DELLA VALSASSINA CREDITO COOPERATIVO - SOCIETA' COOPERATIVA
03273	SOLUTION BANK S.P.A.
03058	CHEBANCA! S.P.A.
07027	BANCA DI CREDITO COOPERATIVO DI MONOPOLI - SOCIETA' COOPERATIVA
08519	BANCA DI CREDITO COOPERATIVO DI FANO - SOCIETA' COOPERATIVA
05036	BANCA AGRICOLA POPOLARE DI RAGUSA SOCIETA' COOPERATIVA PER AZIONI
08189	BANCA DI CREDITO COOPERATIVO DELLA VALLE DEL TRIGNO - SOCIETA' COOPERATIVA
08693	BANCA DI CREDITO COOPERATIVO DI NETTUNO SOCIETA' COOPERATIVA
08987	BANCA DI CREDITO COOPERATIVO TERRA DI LAVORO - S. VINCENZO DE' PAOLI SOCIETA' COOPERATIVA PER AZIONI
08489	BANCA VALDICHIANA - CREDITO COOPERATIVO DI CHIUSI E MONTEPULCIANO - SOCIETA' COOPERATIVA
08873	BANCA DI CREDITO COOPERATIVO DI SPINAZZOLA - SOCIETA' COOPERATIVA
03441	BANCA SVILUPPO TUSCIA S.P.A.
08811	BANCA DEL VALDARNO - CREDITO COOPERATIVO - SOCIETA' COOPERATIVA
05104	BANCA POPOLARE DEL LAZIO SOCIETA' COOPERATIVA
03158	BANCA SISTEMA S.P.A.
08726	BANCA VERSILIA LUNIGIANA E GARFAGNANA - CREDITO COOPERATIVO - SOCIETA' COOPERATIVA
03367	BANCA SANTA GIULIA S.P.A.
08530	BCC DI ALBA, LANGHE, ROERO E DEL CANAVESE S.C.
06230	CREDIT AGRICOLE ITALIA S.P.A.
01005	BANCA NAZIONALE DEL LAVORO S.P.A. (IN FORMA CONTRATTA BNL S.P.A.)
05034	BANCO BPM SOCIETA' PER AZIONI
08708	BANCA DI CREDITO COOPERATIVO DI OPPIDO LUCANO E RIPACANDIDA - SOCIETA' COOPERATIVA
05156	BANCA DI PIACENZA - SOCIETA' COOPERATIVA PER AZIONI
08149	BANCA DI CREDITO COOPERATIVO DI BASCIANO - SOCIETA' COOPERATIVA
07096	BANCA DI CREDITO COOPERATIVO DI CAGLIARI SOCIETA' COOPERATIVA
05602	BANCA POPOLARE VESUVIANA SOCIETA' COOPERATIVA
03589	ALLIANZ BANK FINANCIAL ADVISORS S.P.A.
07012	BANCA DI CREDITO COOPERATIVO DI BARI - SOCIETA' COOPERATIVA
03598	BANCA UBAE S.P.A.
03442	WISE DIALOG BANK S.P.A.
36080	ADMIRAL PAY ISTITUTO DI PAGAMENTO - SOCIETÃ€ A RESPONSABILITÃ€ LIMITATA
AMREX	AMERICAN EXPRESS PAYMENTS EUROPE S.L.
03250	BANCA EUROMOBILIARE S.P.A.
01030	BANCA MONTE DEI PASCHI DI SIENA S.P.A.
08440	BANCA DI CREDITO COOPERATIVO DI CARATE BRIANZA - SOCIETA' COOPERATIVA
03104	DEUTSCHE BANK S.P.A.
03296	FIDEURAM - INTESA SANPAOLO PRIVATE BANKING S.P.A.
05385	BANCA POPOLARE DI PUGLIA E BASILICATA - SOCIETA' COOPERATIVA PER AZIONI
08474	BANCA DEL PICENO CREDITO COOPERATIVO - SOCIETA' COOPERATIVA
03239	INTESA SANPAOLO PRIVATE BANKING S.P.A.
05033	BANCA POPOLARE DELLE PROVINCE MOLISANE - SOCIETA' COOPERATIVA PER AZIONI
36772	HYPE_SPA
07086	BANCA DI CREDITO COOPERATIVO DELL'ADRIATICO TERAMANO - SOCIETA' COOPERATIVA
03433	EFG BANK (LUXEMBOURG) SA
03151	HYPO TIROL BANK AG
CBILL	CBI SCPA
03323	AIGIS BANCA S.P.A.
08913	BANCA DI CREDITO COOPERATIVO DELLA VALLE DEL FITALIA - SOCIETA' COOPERATIVA
03110	FARBANCA S.P.A.
36085	ENEL X FINANCIAL SERVICES S.R.L.
19225	DINERS CLUB ITALIA S.R.L.
36003	FLOWE SPA SOCIETA' BENEFIT
08979	BANCA DI CREDITO COOPERATIVO SAN MICHELE DI CALTANISSETTA E PIETRAPERZIA - SOCIETA' COOPERATIVA PER AZIONI